Product Photo,Group Category ,Product Category,Product Sub-Category,Manufacturer Name,Available packaging,Stock Status,ROHS,ECCN,Lead Time,HSCode,Short Description,Price,Technical Specification,Datasheet Link,Manufacturer Part No,Quantity Available,Qty Multiple,Qty Min,COO,Series
http://ken.keyeuro.eu/img/7702.jpg,Electromechanical Components,Mechanical Components,Terminals & test points,Keystone,Bulk,Lead time,Yes,EAR99,12 Weeks,8.54E+11,PC screw terminal w/captivated screw,0.8116,,http://ken.keyeuro.eu/pdf/7702.pdf,7702,,100,100,US,
http://ken.keyeuro.eu/img/7710.jpg,Electromechanical Components,Mechanical Components,Spacers & standoffs,Keystone,Bulk,Lead time,Yes,EAR99,12 Weeks,8.55E+11,Ceramic standoff,2.6448,,http://ken.keyeuro.eu/pdf/7710.pdf,7710,,100,50,US,
http://ken.keyeuro.eu/img/7711.jpg,Electromechanical Components,Mechanical Components,Spacers & standoffs,Keystone,Bulk,Lead time,Yes,EAR99,12 Weeks,8.55E+11,Ceramic standoff,2.9923,,http://ken.keyeuro.eu/pdf/7711.pdf,7711,,100,50,US,
http://ken.keyeuro.eu/img/7712.jpg,Electromechanical Components,Mechanical Components,Spacers & standoffs,Keystone,Bulk,Lead time,Yes,EAR99,12 Weeks,8.55E+11,Ceramic standoff,2.278,,http://ken.keyeuro.eu/pdf/7712.pdf,7712,,100,50,US,
http://ken.keyeuro.eu/img/7713.jpg,Electromechanical Components,Mechanical Components,Spacers & standoffs,Keystone,Bulk,Lead time,Yes,EAR99,12 Weeks,8.55E+11,Ceramic standoff,2.5676,,http://ken.keyeuro.eu/pdf/7713.pdf,7713,,100,50,US,
http://ken.keyeuro.eu/img/7714.jpg,Electromechanical Components,Mechanical Components,Spacers & standoffs,Keystone,Bulk,Lead time,Yes,EAR99,12 Weeks,8.55E+11,Ceramic standoff,2.7799,,http://ken.keyeuro.eu/pdf/7714.pdf,7714,,100,50,US,
http://ken.keyeuro.eu/img/7715.jpg,Electromechanical Components,Mechanical Components,Spacers & standoffs,Keystone,Bulk,Lead time,Yes,EAR99,12 Weeks,8.55E+11,Ceramic standoff,2.9151,,http://ken.keyeuro.eu/pdf/7715.pdf,7715,,100,50,US,
http://ken.keyeuro.eu/img/7716.jpg,Electromechanical Components,Mechanical Components,Spacers & standoffs,Keystone,Bulk,Lead time,Yes,EAR99,12 Weeks,8.55E+11,Ceramic standoff,3.1274,,http://ken.keyeuro.eu/pdf/7716.pdf,7716,,100,50,US,
http://ken.keyeuro.eu/img/7717.jpg,Electromechanical Components,Mechanical Components,Spacers & standoffs,Keystone,Bulk,Lead time,Yes,EAR99,12 Weeks,8.55E+11,Ceramic standoff,3.7066,,http://ken.keyeuro.eu/pdf/7717.pdf,7717,,100,50,US,
http://ken.keyeuro.eu/img/7718.jpg,Electromechanical Components,Mechanical Components,Spacers & standoffs,Keystone,Bulk,Lead time,Yes,EAR99,12 Weeks,8.55E+11,Ceramic standoff,4.7683,,http://ken.keyeuro.eu/pdf/7718.pdf,7718,,100,50,US,
http://ken.keyeuro.eu/img/7719.jpg,Electromechanical Components,Mechanical Components,Spacers & standoffs,Keystone,Bulk,Lead time,Yes,EAR99,12 Weeks,8.55E+11,Ceramic standoff,6.6602,,http://ken.keyeuro.eu/pdf/7719.pdf,7719,,100,50,US,
http://ken.keyeuro.eu/img/7720.jpg,Electromechanical Components,Mechanical Components,Spacers & standoffs,Keystone,Bulk,Lead time,Yes,EAR99,12 Weeks,8.55E+11,Ceramic standoff,8.0309,,http://ken.keyeuro.eu/pdf/7720.pdf,7720,,100,50,US,
http://ken.keyeuro.eu/img/7757.jpg,Electromechanical Components,Mechanical Components,Terminals & test points,Keystone,Bulk,Lead time,Yes,EAR99,12 Weeks,8.54E+11,Screw terminal,0.3346,,http://ken.keyeuro.eu/pdf/7757.pdf,7757,,100,100,US,
http://ken.keyeuro.eu/img/7758.jpg,Electromechanical Components,Mechanical Components,Terminals & test points,Keystone,Bulk,Lead time,Yes,EAR99,12 Weeks,8.54E+11,Screw terminal,0.3346,,http://ken.keyeuro.eu/pdf/7758.pdf,7758,,100,100,US,
http://ken.keyeuro.eu/img/7759.jpg,Electromechanical Components,Mechanical Components,Terminals & test points,Keystone,Bulk,Lead time,Yes,EAR99,12 Weeks,8.54E+11,Screw terminal,0.3347,,http://ken.keyeuro.eu/pdf/7759.pdf,7759,,100,100,US,
http://ken.keyeuro.eu/img/7760.jpg,Electromechanical Components,Mechanical Components,Terminals & test points,Keystone,Bulk,Lead time,Yes,EAR99,12 Weeks,8.54E+11,Metric screw terminal,0.2581,,http://ken.keyeuro.eu/pdf/7760.pdf,7760,,100,100,US,
http://ken.keyeuro.eu/img/7761.jpg,Electromechanical Components,Mechanical Components,Terminals & test points,Keystone,Bulk,Lead time,Yes,EAR99,12 Weeks,8.54E+11,Metric screw terminal,0.2693,,http://ken.keyeuro.eu/pdf/7761.pdf,7761,,100,100,US,
http://ken.keyeuro.eu/img/7762.jpg,Electromechanical Components,Mechanical Components,Terminals & test points,Keystone,Bulk,Lead time,Yes,EAR99,12 Weeks,8.54E+11,Metric screw terminal,0.3741,,http://ken.keyeuro.eu/pdf/7762.pdf,7762,,100,100,US,
http://ken.keyeuro.eu/img/7764.jpg,Electromechanical Components,Mechanical Components,Terminals & test points,Keystone,Bulk,Lead time,Yes,EAR99,12 Weeks,8.54E+11,Metric screw terminal,0.2581,,http://ken.keyeuro.eu/pdf/7764.pdf,7764,,100,100,US,
http://ken.keyeuro.eu/img/7765.jpg,Electromechanical Components,Mechanical Components,Terminals & test points,Keystone,Bulk,Lead time,Yes,EAR99,12 Weeks,8.54E+11,Metric screw terminal,0.2693,,http://ken.keyeuro.eu/pdf/7765.pdf,7765,,100,100,US,
http://ken.keyeuro.eu/img/7766.jpg,Electromechanical Components,Mechanical Components,Terminals & test points,Keystone,Bulk,Lead time,Yes,EAR99,12 Weeks,8.54E+11,Metric screw terminal,0.3764,,http://ken.keyeuro.eu/pdf/7766.pdf,7766,,100,100,US,
http://ken.keyeuro.eu/img/7767.jpg,Electromechanical Components,Mechanical Components,Terminals & test points,Keystone,Bulk,Lead time,Yes,EAR99,12 Weeks,8.54E+11,Metric screw terminal,0.2365,,http://ken.keyeuro.eu/pdf/7767.pdf,7767,,100,100,US,
,Electromechanical Components,Mechanical Components,Terminals & test points,Keystone,Bulk,Lead time,Yes,EAR99,12 Weeks,8.54E+11,Metric screw terminal,0.2485,,http://ken.keyeuro.eu/pdf/7768.pdf,7768,,100,100,US,
http://ken.keyeuro.eu/img/7769.jpg,Electromechanical Components,Mechanical Components,Terminals & test points,Keystone,Bulk,Lead time,Yes,EAR99,12 Weeks,8.54E+11,Metric screw terminal,0.3573,,http://ken.keyeuro.eu/pdf/7769.pdf,7769,,100,100,US,
http://ken.keyeuro.eu/img/7770.jpg,Electromechanical Components,Mechanical Components,Terminals & test points,Keystone,Bulk,Lead time,Yes,EAR99,12 Weeks,8.54E+11,Metric screw terminal,0.2365,,http://ken.keyeuro.eu/pdf/7770.pdf,7770,,100,100,US,
,Electromechanical Components,Mechanical Components,Terminals & test points,Keystone,Bulk,Lead time,Yes,EAR99,12 Weeks,8.54E+11,Metric screw terminal,0.2485,,http://ken.keyeuro.eu/pdf/7771.pdf,7771,,100,100,US,
http://ken.keyeuro.eu/img/7772.jpg,Electromechanical Components,Mechanical Components,Terminals & test points,Keystone,Bulk,Lead time,Yes,EAR99,12 Weeks,8.54E+11,Metric screw terminal,0.3579,,http://ken.keyeuro.eu/pdf/7772.pdf,7772,,100,100,US,
http://ken.keyeuro.eu/img/7773.jpg,Electromechanical Components,Mechanical Components,Terminals & test points,Keystone,Bulk,Lead time,Yes,EAR99,12 Weeks,8.54E+11,Snap-in mini pc screw terminal w/unassembled screw,0.2376,,http://ken.keyeuro.eu/pdf/7773.pdf,7773,,100,100,US,
http://ken.keyeuro.eu/img/7774.jpg,Electromechanical Components,Mechanical Components,Terminals & test points,Keystone,Bulk,Lead time,Yes,EAR99,12 Weeks,8.54E+11,Screw term/mtg. Bracket,0.2183,,http://ken.keyeuro.eu/pdf/7774.pdf,7774,,100,100,US,
,Electromechanical Components,Mechanical Components,Terminals & test points,Keystone,Bulk,Lead time,Yes,EAR99,12 Weeks,8.54E+11,Low vertical pc screw terminal w/captivated screw,0.351,,http://ken.keyeuro.eu/pdf/7775.pdf,7775,,100,100,US,
http://ken.keyeuro.eu/img/7778.jpg,Electromechanical Components,Mechanical Components,Terminals & test points,Keystone,Bulk,Lead time,Yes,EAR99,12 Weeks,8.54E+11,Low vertical pc screw terminal w/captivated screw,0.3514,,http://ken.keyeuro.eu/pdf/7778.pdf,7778,,100,100,US,
http://ken.keyeuro.eu/img/7779.jpg,Electromechanical Components,Mechanical Components,Terminals & test points,Keystone,Bulk,Lead time,Yes,EAR99,12 Weeks,8.54E+11,Screw terminal-less screw,0.2834,,http://ken.keyeuro.eu/pdf/7779.pdf,7779,,100,100,US,
http://ken.keyeuro.eu/img/7780.jpg,Electromechanical Components,Mechanical Components,Terminals & test points,Keystone,Bulk,Lead time,Yes,EAR99,12 Weeks,8.54E+11,Snap-in vertical pc screw terminal,0.2598,,http://ken.keyeuro.eu/pdf/7780.pdf,7780,,100,100,US,
http://ken.keyeuro.eu/img/7781.jpg,Electromechanical Components,Mechanical Components,Terminals & test points,Keystone,Bulk,Lead time,Yes,EAR99,12 Weeks,8.54E+11,Screw terminal-less screw,0.2581,,http://ken.keyeuro.eu/pdf/7781.pdf,7781,,100,100,US,
http://ken.keyeuro.eu/img/7782.jpg,Electromechanical Components,Mechanical Components,Terminals & test points,Keystone,Bulk,Lead time,Yes,EAR99,12 Weeks,8.54E+11,Screw terminal-less screw,0.2365,,http://ken.keyeuro.eu/pdf/7782.pdf,7782,,100,100,US,
http://ken.keyeuro.eu/img/7783.jpg,Electromechanical Components,Mechanical Components,Terminals & test points,Keystone,Bulk,Lead time,Yes,EAR99,12 Weeks,8.54E+11,Screw terminal-less screw,0.59,,http://ken.keyeuro.eu/pdf/7783.pdf,7783,,100,100,US,
http://ken.keyeuro.eu/img/7784.jpg,Electromechanical Components,Mechanical Components,Terminals & test points,Keystone,Bulk,Lead time,Yes,EAR99,12 Weeks,8.54E+11,Low vertical pc screw terminal,0.2465,,http://ken.keyeuro.eu/pdf/7784.pdf,7784,,100,100,US,
http://ken.keyeuro.eu/img/7785.jpg,Electromechanical Components,Mechanical Components,Terminals & test points,Keystone,Bulk,Lead time,Yes,EAR99,12 Weeks,8.54E+11,Low vertical pc screw terminal,0.2315,,http://ken.keyeuro.eu/pdf/7785.pdf,7785,,100,100,US,
http://ken.keyeuro.eu/img/7786.jpg,Electromechanical Components,Mechanical Components,Terminals & test points,Keystone,Bulk,Lead time,Yes,EAR99,12 Weeks,8.54E+11,30 amp screw terminal,0.3145,,http://ken.keyeuro.eu/pdf/7786.pdf,7786,,100,100,US,
http://ken.keyeuro.eu/img/7787.jpg,Electromechanical Components,Mechanical Components,Terminals & test points,Keystone,Bulk,Lead time,Yes,EAR99,12 Weeks,8.54E+11,Screw terminal,0.4091,,http://ken.keyeuro.eu/pdf/7787.pdf,7787,,100,100,US,
http://ken.keyeuro.eu/img/7788.jpg,Electromechanical Components,Mechanical Components,Terminals & test points,Keystone,Bulk,Lead time,Yes,EAR99,12 Weeks,8.54E+11,Metric screw terminal-less screw,0.2442,,http://ken.keyeuro.eu/pdf/7788.pdf,7788,,100,100,US,
http://ken.keyeuro.eu/img/7789.jpg,Electromechanical Components,Mechanical Components,Terminals & test points,Keystone,Bulk,Lead time,Yes,EAR99,12 Weeks,8.54E+11,Vertical extended pc mount screw terminal,0.268,,http://ken.keyeuro.eu/pdf/7789.pdf,7789,,100,100,US,
http://ken.keyeuro.eu/img/7790.jpg,Electromechanical Components,Mechanical Components,Terminals & test points,Keystone,Bulk,Lead time,Yes,EAR99,12 Weeks,8.54E+11,Metric screw terminal-less screw,0.2667,,http://ken.keyeuro.eu/pdf/7790.pdf,7790,,100,100,US,
http://ken.keyeuro.eu/img/7791.jpg,Electromechanical Components,Mechanical Components,Terminals & test points,Keystone,Bulk,Lead time,Yes,EAR99,12 Weeks,8.54E+11,Pc screw terminal,0.7118,,http://ken.keyeuro.eu/pdf/7791.pdf,7791,,100,100,TW,
http://ken.keyeuro.eu/img/7792.jpg,Electromechanical Components,Mechanical Components,Terminals & test points,Keystone,Bulk,Lead time,Yes,EAR99,12 Weeks,8.54E+11,Pc screw terminal,0.2834,,http://ken.keyeuro.eu/pdf/7792.pdf,7792,,100,100,US,
http://ken.keyeuro.eu/img/7793.jpg,Electromechanical Components,Mechanical Components,Terminals & test points,Keystone,Bulk,Lead time,Yes,EAR99,12 Weeks,8.54E+11,Pc screw terminal,0.2948,,http://ken.keyeuro.eu/pdf/7793.pdf,7793,,100,100,US,
http://ken.keyeuro.eu/img/7794.jpg,Electromechanical Components,Mechanical Components,Terminals & test points,Keystone,Bulk,Lead time,Yes,EAR99,12 Weeks,8.54E+11,Pc screw terminal,0.4257,,http://ken.keyeuro.eu/pdf/7794.pdf,7794,,100,100,US,
http://ken.keyeuro.eu/img/7795.jpg,Electromechanical Components,Mechanical Components,Terminals & test points,Keystone,Bulk,Lead time,Yes,EAR99,12 Weeks,8.54E+11,Pc screw terminal,0.2598,,http://ken.keyeuro.eu/pdf/7795.pdf,7795,,100,100,US,
http://ken.keyeuro.eu/img/7796.jpg,Electromechanical Components,Mechanical Components,Terminals & test points,Keystone,Bulk,Lead time,Yes,EAR99,12 Weeks,8.54E+11,Pc screw terminal,0.271,,http://ken.keyeuro.eu/pdf/7796.pdf,7796,,100,100,US,
http://ken.keyeuro.eu/img/7797.jpg,Electromechanical Components,Mechanical Components,Terminals & test points,Keystone,Bulk,Lead time,Yes,EAR99,12 Weeks,8.54E+11,Pc screw terminal,0.3792,,http://ken.keyeuro.eu/pdf/7797.pdf,7797,,100,100,US,
http://ken.keyeuro.eu/img/7798.jpg,Electromechanical Components,Mechanical Components,Terminals & test points,Keystone,Bulk,Lead time,Yes,EAR99,12 Weeks,8.54E+11,Pc screw terminal,0.3145,,http://ken.keyeuro.eu/pdf/7798.pdf,7798,,100,100,US,
http://ken.keyeuro.eu/img/7799.jpg,Electromechanical Components,Mechanical Components,Terminals & test points,Keystone,Bulk,Lead time,Yes,EAR99,12 Weeks,8.54E+11,Pc screw terminal,0.3253,,http://ken.keyeuro.eu/pdf/7799.pdf,7799,,100,100,US,
http://ken.keyeuro.eu/img/7800.jpg,Electromechanical Components,Mechanical Components,Terminals & test points,Keystone,Bulk,Lead time,Yes,EAR99,12 Weeks,8.54E+11,Pc screw terminal,0.455,,http://ken.keyeuro.eu/pdf/7800.pdf,7800,,100,100,US,
http://ken.keyeuro.eu/img/7801.jpg,Electromechanical Components,Mechanical Components,Terminals & test points,Keystone,Bulk,Lead time,Yes,EAR99,12 Weeks,8.54E+11,Screw terminal,0.6299,,http://ken.keyeuro.eu/pdf/7801.pdf,7801,,100,100,CN,
http://ken.keyeuro.eu/img/7802.jpg,Electromechanical Components,Mechanical Components,Terminals & test points,Keystone,Bulk,Lead time,Yes,EAR99,12 Weeks,8.54E+11,Header,1.0618,,http://ken.keyeuro.eu/pdf/7802.pdf,7802,,100,100,IT,
http://ken.keyeuro.eu/img/7803.jpg,Electromechanical Components,Mechanical Components,Terminals & test points,Keystone,Bulk,Lead time,Yes,EAR99,12 Weeks,8.54E+11,Header,1.4093,,http://ken.keyeuro.eu/pdf/7803.pdf,7803,,100,100,IT,
http://ken.keyeuro.eu/img/7804.jpg,Electromechanical Components,Mechanical Components,Terminals & test points,Keystone,Bulk,Lead time,Yes,EAR99,12 Weeks,8.54E+11,Header,1.583,,http://ken.keyeuro.eu/pdf/7804.pdf,7804,,100,100,IT,
http://ken.keyeuro.eu/img/7805.jpg,Electromechanical Components,Mechanical Components,Terminals & test points,Keystone,Bulk,Lead time,Yes,EAR99,12 Weeks,8.54E+11,Header,1.9112,,http://ken.keyeuro.eu/pdf/7805.pdf,7805,,100,100,IT,
http://ken.keyeuro.eu/img/7806.jpg,Electromechanical Components,Mechanical Components,Terminals & test points,Keystone,Bulk,Lead time,Yes,EAR99,12 Weeks,8.54E+11,Header,2.0849,,http://ken.keyeuro.eu/pdf/7806.pdf,7806,,100,100,IT,
http://ken.keyeuro.eu/img/7807.jpg,Electromechanical Components,Mechanical Components,Terminals & test points,Keystone,Bulk,Lead time,Yes,EAR99,12 Weeks,8.54E+11,Pc screw terminal,0.4112,,http://ken.keyeuro.eu/pdf/7807.pdf,7807,,100,100,US,
http://ken.keyeuro.eu/img/7808.jpg,Electromechanical Components,Mechanical Components,Terminals & test points,Keystone,Bulk,Lead time,Yes,EAR99,12 Weeks,8.54E+11,Pc screw terminal,0.7927,,http://ken.keyeuro.eu/pdf/7808.pdf,7808,,100,100,US,
http://ken.keyeuro.eu/img/7812.jpg,Electromechanical Components,Mechanical Components,Terminals & test points,Keystone,Bulk,Lead time,Yes,EAR99,12 Weeks,8.54E+11,Header,1.0618,,http://ken.keyeuro.eu/pdf/7812.pdf,7812,,100,100,IT,
http://ken.keyeuro.eu/img/7813.jpg,Electromechanical Components,Mechanical Components,Terminals & test points,Keystone,Bulk,Lead time,Yes,EAR99,12 Weeks,8.54E+11,Header,1.4093,,http://ken.keyeuro.eu/pdf/7813.pdf,7813,,100,100,IT,
http://ken.keyeuro.eu/img/7814.jpg,Electromechanical Components,Mechanical Components,Terminals & test points,Keystone,Bulk,Lead time,Yes,EAR99,12 Weeks,8.54E+11,Header,1.583,,http://ken.keyeuro.eu/pdf/7814.pdf,7814,,100,100,IT,
http://ken.keyeuro.eu/img/7815.jpg,Electromechanical Components,Mechanical Components,Terminals & test points,Keystone,Bulk,Lead time,Yes,EAR99,12 Weeks,8.54E+11,Header,1.9112,,http://ken.keyeuro.eu/pdf/7815.pdf,7815,,100,100,IT,
http://ken.keyeuro.eu/img/7816.jpg,Electromechanical Components,Mechanical Components,Terminals & test points,Keystone,Bulk,Lead time,Yes,EAR99,12 Weeks,8.54E+11,Header,2.0849,,http://ken.keyeuro.eu/pdf/7816.pdf,7816,,100,100,IT,
http://ken.keyeuro.eu/img/7817.jpg,Electromechanical Components,Mechanical Components,Terminals & test points,Keystone,Bulk,Lead time,Yes,EAR99,12 Weeks,8.54E+11,Insulated quick-fit terminal,0.6218,,http://ken.keyeuro.eu/pdf/7817.pdf,7817,,100,100,IT,
http://ken.keyeuro.eu/img/7818.jpg,Electromechanical Components,Mechanical Components,Terminals & test points,Keystone,Bulk,Lead time,Yes,EAR99,12 Weeks,8.54E+11,Insulated quick-fit terminal,0.9342,,http://ken.keyeuro.eu/pdf/7818.pdf,7818,,100,100,IT,
http://ken.keyeuro.eu/img/7819.jpg,Electromechanical Components,Mechanical Components,Terminals & test points,Keystone,Bulk,Lead time,Yes,EAR99,12 Weeks,8.54E+11,Insulated quick-fit terminal,1.0324,,http://ken.keyeuro.eu/pdf/7819.pdf,7819,,100,100,IT,
http://ken.keyeuro.eu/img/7820.jpg,Electromechanical Components,Mechanical Components,Terminals & test points,Keystone,Bulk,Lead time,Yes,EAR99,12 Weeks,8.54E+11,Insulated quick-fit terminal,1.2934,,http://ken.keyeuro.eu/pdf/7820.pdf,7820,,100,100,IT,
http://ken.keyeuro.eu/img/7821.jpg,Electromechanical Components,Mechanical Components,Terminals & test points,Keystone,Bulk,Lead time,Yes,EAR99,12 Weeks,8.54E+11,Insulated quick-fit terminal,1.4286,,http://ken.keyeuro.eu/pdf/7821.pdf,7821,,100,100,IT,
http://ken.keyeuro.eu/img/7822.jpg,Electromechanical Components,Mechanical Components,Terminals & test points,Keystone,Bulk,Lead time,Yes,EAR99,12 Weeks,8.54E+11,Header,0.6218,,http://ken.keyeuro.eu/pdf/7822.pdf,7822,,100,100,IT,
http://ken.keyeuro.eu/img/7823.jpg,Electromechanical Components,Mechanical Components,Terminals & test points,Keystone,Bulk,Lead time,Yes,EAR99,12 Weeks,8.54E+11,Header,0.9342,,http://ken.keyeuro.eu/pdf/7823.pdf,7823,,100,100,IT,
http://ken.keyeuro.eu/img/7824.jpg,Electromechanical Components,Mechanical Components,Terminals & test points,Keystone,Bulk,Lead time,Yes,EAR99,12 Weeks,8.54E+11,Header,1.0324,,http://ken.keyeuro.eu/pdf/7824.pdf,7824,,100,100,IT,
http://ken.keyeuro.eu/img/7825.jpg,Electromechanical Components,Mechanical Components,Terminals & test points,Keystone,Bulk,Lead time,Yes,EAR99,12 Weeks,8.54E+11,Header,1.2934,,http://ken.keyeuro.eu/pdf/7825.pdf,7825,,100,100,IT,
http://ken.keyeuro.eu/img/7826.jpg,Electromechanical Components,Mechanical Components,Terminals & test points,Keystone,Bulk,Lead time,Yes,EAR99,12 Weeks,8.54E+11,Header,1.4286,,http://ken.keyeuro.eu/pdf/7826.pdf,7826,,100,100,IT,
http://ken.keyeuro.eu/img/7827.jpg,Electromechanical Components,Mechanical Components,Terminals & test points,Keystone,Bulk,Lead time,Yes,EAR99,12 Weeks,8.54E+11,Insulated quick-fit terminal,0.6218,,http://ken.keyeuro.eu/pdf/7827.pdf,7827,,100,100,IT,
http://ken.keyeuro.eu/img/7828.jpg,Electromechanical Components,Mechanical Components,Terminals & test points,Keystone,Bulk,Lead time,Yes,EAR99,12 Weeks,8.54E+11,Insulated quick-fit terminal,0.9342,,http://ken.keyeuro.eu/pdf/7828.pdf,7828,,100,100,IT,
http://ken.keyeuro.eu/img/7829.jpg,Electromechanical Components,Mechanical Components,Terminals & test points,Keystone,Bulk,Lead time,Yes,EAR99,12 Weeks,8.54E+11,Insulated quick-fit terminal,1.0324,,http://ken.keyeuro.eu/pdf/7829.pdf,7829,,100,100,IT,
http://ken.keyeuro.eu/img/7830.jpg,Electromechanical Components,Mechanical Components,Terminals & test points,Keystone,Bulk,Lead time,Yes,EAR99,12 Weeks,8.54E+11,Insulated quick-fit terminal,1.2934,,http://ken.keyeuro.eu/pdf/7830.pdf,7830,,100,100,IT,
http://ken.keyeuro.eu/img/7831.jpg,Electromechanical Components,Mechanical Components,Terminals & test points,Keystone,Bulk,Lead time,Yes,EAR99,12 Weeks,8.54E+11,Insulated quick-fit terminal,1.4286,,http://ken.keyeuro.eu/pdf/7831.pdf,7831,,100,100,IT,
http://ken.keyeuro.eu/img/7832.jpg,Electromechanical Components,Mechanical Components,Terminals & test points,Keystone,Bulk,Lead time,Yes,EAR99,12 Weeks,8.54E+11,Header,0.6218,,http://ken.keyeuro.eu/pdf/7832.pdf,7832,,100,100,IT,
http://ken.keyeuro.eu/img/7833.jpg,Electromechanical Components,Mechanical Components,Terminals & test points,Keystone,Bulk,Lead time,Yes,EAR99,12 Weeks,8.54E+11,Header,0.9342,,http://ken.keyeuro.eu/pdf/7833.pdf,7833,,100,100,IT,
http://ken.keyeuro.eu/img/7834.jpg,Electromechanical Components,Mechanical Components,Terminals & test points,Keystone,Bulk,Lead time,Yes,EAR99,12 Weeks,8.54E+11,Header,1.0324,,http://ken.keyeuro.eu/pdf/7834.pdf,7834,,100,100,IT,
http://ken.keyeuro.eu/img/7835.jpg,Electromechanical Components,Mechanical Components,Terminals & test points,Keystone,Bulk,Lead time,Yes,EAR99,12 Weeks,8.54E+11,Header,1.2934,,http://ken.keyeuro.eu/pdf/7835.pdf,7835,,100,100,IT,
http://ken.keyeuro.eu/img/7836.jpg,Electromechanical Components,Mechanical Components,Terminals & test points,Keystone,Bulk,Lead time,Yes,EAR99,12 Weeks,8.54E+11,Header,1.4286,,http://ken.keyeuro.eu/pdf/7836.pdf,7836,,100,100,IT,
http://ken.keyeuro.eu/img/7837.jpg,Electromechanical Components,Mechanical Components,Terminals & test points,Keystone,Bulk,Lead time,Yes,EAR99,12 Weeks,8.54E+11,Screw terminal,0.1342,,http://ken.keyeuro.eu/pdf/7837.pdf,7837,,100,500,US,
http://ken.keyeuro.eu/img/7838.jpg,Electromechanical Components,Mechanical Components,Terminals & test points,Keystone,Bulk,Lead time,Yes,EAR99,12 Weeks,8.54E+11,Screw terminal,0.1342,,http://ken.keyeuro.eu/pdf/7838.pdf,7838,,100,500,US,
http://ken.keyeuro.eu/img/7839.jpg,Electromechanical Components,Mechanical Components,Terminals & test points,Keystone,Bulk,Lead time,Yes,EAR99,12 Weeks,8.54E+11,Screw terminal,0.1342,,http://ken.keyeuro.eu/pdf/7839.pdf,7839,,100,500,US,
http://ken.keyeuro.eu/img/8090.jpg,Electromechanical Components,Mechanical Components,Multi-purpose hardware,Keystone,Bulk,Lead time,Yes,EAR99,12 Weeks,8.54E+11,Cushioned cable clamp,0.7419,,http://ken.keyeuro.eu/pdf/8090.pdf,8090,,100,100,US,
http://ken.keyeuro.eu/img/8091.jpg,Electromechanical Components,Mechanical Components,Multi-purpose hardware,Keystone,Bulk,Lead time,Yes,EAR99,12 Weeks,8.54E+11,Cushioned cable clamp,0.7581,,http://ken.keyeuro.eu/pdf/8091.pdf,8091,,100,100,US,
http://ken.keyeuro.eu/img/8092.jpg,Electromechanical Components,Mechanical Components,Multi-purpose hardware,Keystone,Bulk,Lead time,Yes,EAR99,12 Weeks,8.54E+11,Cushioned cable clamp,0.838,,http://ken.keyeuro.eu/pdf/8092.pdf,8092,,100,100,US,
http://ken.keyeuro.eu/img/8093.jpg,Electromechanical Components,Mechanical Components,Multi-purpose hardware,Keystone,Bulk,Lead time,Yes,EAR99,12 Weeks,8.54E+11,Cushioned cable clamp,0.9332,,http://ken.keyeuro.eu/pdf/8093.pdf,8093,,100,100,US,
http://ken.keyeuro.eu/img/8094.jpg,Electromechanical Components,Mechanical Components,Multi-purpose hardware,Keystone,Bulk,Lead time,Yes,EAR99,12 Weeks,8.54E+11,Cushioned cable clamp,1.0108,,http://ken.keyeuro.eu/pdf/8094.pdf,8094,,100,100,US,
http://ken.keyeuro.eu/img/8095.jpg,Electromechanical Components,Mechanical Components,Multi-purpose hardware,Keystone,Bulk,Lead time,Yes,EAR99,12 Weeks,8.54E+11,Cushioned cable clamp,1.0811,,http://ken.keyeuro.eu/pdf/8095.pdf,8095,,100,100,US,
http://ken.keyeuro.eu/img/8096.jpg,Electromechanical Components,Mechanical Components,Multi-purpose hardware,Keystone,Bulk,Lead time,Yes,EAR99,12 Weeks,8.54E+11,Cushioned cable clamp,1.1004,,http://ken.keyeuro.eu/pdf/8096.pdf,8096,,100,100,US,
http://ken.keyeuro.eu/img/8100.jpg,Electromechanical Components,Mechanical Components,Multi-purpose hardware,Keystone,Bulk,Lead time,Yes,EAR99,12 Weeks,7.33E+11,Metal clamp,0.1256,,http://ken.keyeuro.eu/pdf/8100.pdf,8100,,100,100,US,
http://ken.keyeuro.eu/img/8101.jpg,Electromechanical Components,Mechanical Components,Multi-purpose hardware,Keystone,Bulk,Lead time,Yes,EAR99,12 Weeks,7.33E+11,Metal clamp,0.1304,,http://ken.keyeuro.eu/pdf/8101.pdf,8101,,100,100,US,
http://ken.keyeuro.eu/img/8102.jpg,Electromechanical Components,Mechanical Components,Multi-purpose hardware,Keystone,Bulk,Lead time,Yes,EAR99,12 Weeks,7.33E+11,Metal clamp,0.1355,,http://ken.keyeuro.eu/pdf/8102.pdf,8102,,100,100,US,
http://ken.keyeuro.eu/img/8103.jpg,Electromechanical Components,Mechanical Components,Multi-purpose hardware,Keystone,Bulk,Lead time,Yes,EAR99,12 Weeks,7.33E+11,Metal clamp,0.1407,,http://ken.keyeuro.eu/pdf/8103.pdf,8103,,100,100,US,
http://ken.keyeuro.eu/img/8104.jpg,Electromechanical Components,Mechanical Components,Multi-purpose hardware,Keystone,Bulk,Lead time,Yes,EAR99,12 Weeks,7.33E+11,Metal clamp,0.1527,,http://ken.keyeuro.eu/pdf/8104.pdf,8104,,100,100,US,
http://ken.keyeuro.eu/img/8105.jpg,Electromechanical Components,Mechanical Components,Multi-purpose hardware,Keystone,Bulk,Lead time,Yes,EAR99,12 Weeks,7.33E+11,Metal clamp,0.1608,,http://ken.keyeuro.eu/pdf/8105.pdf,8105,,100,100,US,
http://ken.keyeuro.eu/img/8106.jpg,Electromechanical Components,Mechanical Components,Multi-purpose hardware,Keystone,Bulk,Lead time,Yes,EAR99,12 Weeks,7.33E+11,Metal clamp,0.1689,,http://ken.keyeuro.eu/pdf/8106.pdf,8106,,100,100,US,
http://ken.keyeuro.eu/img/8107.jpg,Electromechanical Components,Mechanical Components,Multi-purpose hardware,Keystone,Bulk,Lead time,Yes,EAR99,12 Weeks,7.33E+11,Metal clamp,0.1743,,http://ken.keyeuro.eu/pdf/8107.pdf,8107,,100,100,US,
http://ken.keyeuro.eu/img/8108.jpg,Electromechanical Components,Mechanical Components,Multi-purpose hardware,Keystone,Bulk,Lead time,Yes,EAR99,12 Weeks,7.33E+11,Metal clamp,0.1803,,http://ken.keyeuro.eu/pdf/8108.pdf,8108,,100,100,US,
http://ken.keyeuro.eu/img/8109.jpg,Electromechanical Components,Mechanical Components,Multi-purpose hardware,Keystone,Bulk,Lead time,Yes,EAR99,12 Weeks,7.33E+11,Metal clamp,0.1857,,http://ken.keyeuro.eu/pdf/8109.pdf,8109,,100,100,US,
http://ken.keyeuro.eu/img/8110.jpg,Electromechanical Components,Mechanical Components,Multi-purpose hardware,Keystone,Bulk,Lead time,Yes,EAR99,12 Weeks,7.33E+11,Metal clamp,0.1917,,http://ken.keyeuro.eu/pdf/8110.pdf,8110,,100,100,US,
http://ken.keyeuro.eu/img/8111.jpg,Electromechanical Components,Mechanical Components,Multi-purpose hardware,Keystone,Bulk,Lead time,Yes,EAR99,12 Weeks,7.33E+11,Metal clamp,0.1981,,http://ken.keyeuro.eu/pdf/8111.pdf,8111,,100,100,US,
http://ken.keyeuro.eu/img/8112.jpg,Electromechanical Components,Mechanical Components,Multi-purpose hardware,Keystone,Bulk,Lead time,Yes,EAR99,12 Weeks,7.33E+11,Metal clamp,0.2052,,http://ken.keyeuro.eu/pdf/8112.pdf,8112,,100,100,US,
http://ken.keyeuro.eu/img/8113.jpg,Electromechanical Components,Mechanical Components,Multi-purpose hardware,Keystone,Bulk,Lead time,Yes,EAR99,12 Weeks,7.33E+11,Metal clamp,0.2102,,http://ken.keyeuro.eu/pdf/8113.pdf,8113,,100,100,US,
http://ken.keyeuro.eu/img/8121.jpg,Electromechanical Components,Mechanical Components,Multi-purpose hardware,Keystone,Bulk,Lead time,Yes,EAR99,12 Weeks,7.33E+11,Insulated steel cable clamp,0.2542,,http://ken.keyeuro.eu/pdf/8121.pdf,8121,,100,100,US,
http://ken.keyeuro.eu/img/8122.jpg,Electromechanical Components,Mechanical Components,Multi-purpose hardware,Keystone,Bulk,Lead time,Yes,EAR99,12 Weeks,7.33E+11,Insulated steel cable clamp,0.2624,,http://ken.keyeuro.eu/pdf/8122.pdf,8122,,100,100,US,
http://ken.keyeuro.eu/img/8123.jpg,Electromechanical Components,Mechanical Components,Multi-purpose hardware,Keystone,Bulk,Lead time,Yes,EAR99,12 Weeks,7.33E+11,Insulated steel cable clamp,0.2726,,http://ken.keyeuro.eu/pdf/8123.pdf,8123,,100,100,US,
http://ken.keyeuro.eu/img/8124.jpg,Electromechanical Components,Mechanical Components,Multi-purpose hardware,Keystone,Bulk,Lead time,Yes,EAR99,12 Weeks,7.33E+11,Insulated steel cable clamp,0.2817,,http://ken.keyeuro.eu/pdf/8124.pdf,8124,,100,100,US,
http://ken.keyeuro.eu/img/8125.jpg,Electromechanical Components,Mechanical Components,Multi-purpose hardware,Keystone,Bulk,Lead time,Yes,EAR99,12 Weeks,7.33E+11,Insulated steel cable clamp,0.2923,,http://ken.keyeuro.eu/pdf/8125.pdf,8125,,100,100,US,
http://ken.keyeuro.eu/img/8126.jpg,Electromechanical Components,Mechanical Components,Multi-purpose hardware,Keystone,Bulk,Lead time,Yes,EAR99,12 Weeks,7.33E+11,Insulated steel cable clamp,0.3031,,http://ken.keyeuro.eu/pdf/8126.pdf,8126,,100,100,US,
http://ken.keyeuro.eu/img/8127.jpg,Electromechanical Components,Mechanical Components,Multi-purpose hardware,Keystone,Bulk,Lead time,Yes,EAR99,12 Weeks,7.33E+11,Insulated steel cable clamp,0.3141,,http://ken.keyeuro.eu/pdf/8127.pdf,8127,,100,100,US,
http://ken.keyeuro.eu/img/8128.jpg,Electromechanical Components,Mechanical Components,Multi-purpose hardware,Keystone,Bulk,Lead time,Yes,EAR99,12 Weeks,7.33E+11,Insulated steel cable clamp,0.3243,,http://ken.keyeuro.eu/pdf/8128.pdf,8128,,100,100,US,
http://ken.keyeuro.eu/img/8129.jpg,Electromechanical Components,Mechanical Components,Multi-purpose hardware,Keystone,Bulk,Lead time,Yes,EAR99,12 Weeks,7.33E+11,Insulated steel cable clamp,0.3328,,http://ken.keyeuro.eu/pdf/8129.pdf,8129,,100,100,US,
http://ken.keyeuro.eu/img/8130.jpg,Electromechanical Components,Mechanical Components,Multi-purpose hardware,Keystone,Bulk,Lead time,Yes,EAR99,12 Weeks,7.33E+11,Insulated steel cable clamp,0.3432,,http://ken.keyeuro.eu/pdf/8130.pdf,8130,,100,100,US,
http://ken.keyeuro.eu/img/8131.jpg,Electromechanical Components,Mechanical Components,Multi-purpose hardware,Keystone,Bulk,Lead time,Yes,EAR99,12 Weeks,7.33E+11,Insulated steel cable clamp,0.3517,,http://ken.keyeuro.eu/pdf/8131.pdf,8131,,100,100,US,
http://ken.keyeuro.eu/img/8132.jpg,Electromechanical Components,Mechanical Components,Multi-purpose hardware,Keystone,Bulk,Lead time,Yes,EAR99,12 Weeks,7.33E+11,Insulated steel cable clamp,0.3622,,http://ken.keyeuro.eu/pdf/8132.pdf,8132,,100,100,US,
http://ken.keyeuro.eu/img/8133.jpg,Electromechanical Components,Mechanical Components,Multi-purpose hardware,Keystone,Bulk,Lead time,Yes,EAR99,12 Weeks,7.33E+11,Insulated steel cable clamp,0.3722,,http://ken.keyeuro.eu/pdf/8133.pdf,8133,,100,100,US,
http://ken.keyeuro.eu/img/8134.jpg,Electromechanical Components,Mechanical Components,Multi-purpose hardware,Keystone,Bulk,Lead time,Yes,EAR99,12 Weeks,7.33E+11,Insulated steel cable clamp,0.3817,,http://ken.keyeuro.eu/pdf/8134.pdf,8134,,100,100,US,
http://ken.keyeuro.eu/img/8140.jpg,Electromechanical Components,Mechanical Components,Multi-purpose hardware,Keystone,Bulk,Lead time,Yes,EAR99,12 Weeks,7.33E+11,Steel half clamp,0.1097,,http://ken.keyeuro.eu/pdf/8140.pdf,8140,,100,100,US,
http://ken.keyeuro.eu/img/8141.jpg,Electromechanical Components,Mechanical Components,Multi-purpose hardware,Keystone,Bulk,Lead time,Yes,EAR99,12 Weeks,7.33E+11,Steel half clamp,0.1156,,http://ken.keyeuro.eu/pdf/8141.pdf,8141,,100,100,US,
http://ken.keyeuro.eu/img/8142.jpg,Electromechanical Components,Mechanical Components,Multi-purpose hardware,Keystone,Bulk,Lead time,Yes,EAR99,12 Weeks,7.33E+11,Steel half clamp,0.1239,,http://ken.keyeuro.eu/pdf/8142.pdf,8142,,100,100,US,
http://ken.keyeuro.eu/img/8143.jpg,Electromechanical Components,Mechanical Components,Multi-purpose hardware,Keystone,Bulk,Lead time,Yes,EAR99,12 Weeks,7.33E+11,Steel half clamp,0.1332,,http://ken.keyeuro.eu/pdf/8143.pdf,8143,,100,100,US,
http://ken.keyeuro.eu/img/8144.jpg,Electromechanical Components,Mechanical Components,Multi-purpose hardware,Keystone,Bulk,Lead time,Yes,EAR99,12 Weeks,7.33E+11,Steel half clamp,0.1556,,http://ken.keyeuro.eu/pdf/8144.pdf,8144,,100,100,US,
http://ken.keyeuro.eu/img/8145.jpg,Electromechanical Components,Mechanical Components,Multi-purpose hardware,Keystone,Bulk,Lead time,Yes,EAR99,12 Weeks,7.33E+11,Steel half clamp,0.1639,,http://ken.keyeuro.eu/pdf/8145.pdf,8145,,100,100,US,
http://ken.keyeuro.eu/img/8146.jpg,Electromechanical Components,Mechanical Components,Multi-purpose hardware,Keystone,Bulk,Lead time,Yes,EAR99,12 Weeks,7.33E+11,Steel half clamp,0.2046,,http://ken.keyeuro.eu/pdf/8146.pdf,8146,,100,100,US,
http://ken.keyeuro.eu/img/8147.jpg,Electromechanical Components,Mechanical Components,Multi-purpose hardware,Keystone,Bulk,Lead time,Yes,EAR99,12 Weeks,7.33E+11,Steel half clamp,0.2098,,http://ken.keyeuro.eu/pdf/8147.pdf,8147,,100,100,US,
http://ken.keyeuro.eu/img/8148.jpg,Electromechanical Components,Mechanical Components,Multi-purpose hardware,Keystone,Bulk,Lead time,Yes,EAR99,12 Weeks,7.33E+11,Steel half clamp,0.2193,,http://ken.keyeuro.eu/pdf/8148.pdf,8148,,100,100,US,
http://ken.keyeuro.eu/img/8149.jpg,Electromechanical Components,Mechanical Components,Multi-purpose hardware,Keystone,Bulk,Lead time,Yes,EAR99,12 Weeks,7.33E+11,Steel half clamp,0.2251,,http://ken.keyeuro.eu/pdf/8149.pdf,8149,,100,100,US,
http://ken.keyeuro.eu/img/8150.jpg,Electromechanical Components,Mechanical Components,Multi-purpose hardware,Keystone,Bulk,Lead time,Yes,EAR99,12 Weeks,7.33E+11,Steel half clamp,0.234,,http://ken.keyeuro.eu/pdf/8150.pdf,8150,,100,100,US,
http://ken.keyeuro.eu/img/8151.jpg,Electromechanical Components,Mechanical Components,Multi-purpose hardware,Keystone,Bulk,Lead time,Yes,EAR99,12 Weeks,7.33E+11,Steel half clamp,0.2432,,http://ken.keyeuro.eu/pdf/8151.pdf,8151,,100,100,US,
http://ken.keyeuro.eu/img/8152.jpg,Electromechanical Components,Mechanical Components,Multi-purpose hardware,Keystone,Bulk,Lead time,Yes,EAR99,12 Weeks,7.33E+11,Steel half clamp,0.2656,,http://ken.keyeuro.eu/pdf/8152.pdf,8152,,100,100,US,
http://ken.keyeuro.eu/img/8153.jpg,Electromechanical Components,Mechanical Components,Multi-purpose hardware,Keystone,Bulk,Lead time,Yes,EAR99,12 Weeks,7.33E+11,Steel half clamp,0.2749,,http://ken.keyeuro.eu/pdf/8153.pdf,8153,,100,100,US,
http://ken.keyeuro.eu/img/8154.jpg,Electromechanical Components,Mechanical Components,Multi-purpose hardware,Keystone,Bulk,Lead time,Yes,EAR99,12 Weeks,7.33E+11,Steel half clamp,0.6027,,http://ken.keyeuro.eu/pdf/8154.pdf,8154,,100,100,US,
http://ken.keyeuro.eu/img/8160.jpg,Electromechanical Components,Mechanical Components,Multi-purpose hardware,Keystone,Bulk,Lead time,Yes,EAR99,12 Weeks,7.33E+11,Insulated steel half clamp,0.2973,,http://ken.keyeuro.eu/pdf/8160.pdf,8160,,100,100,US,
http://ken.keyeuro.eu/img/8161.jpg,Electromechanical Components,Mechanical Components,Multi-purpose hardware,Keystone,Bulk,Lead time,Yes,EAR99,12 Weeks,7.33E+11,Insulated steel half clamp,0.3363,,http://ken.keyeuro.eu/pdf/8161.pdf,8161,,100,100,US,
http://ken.keyeuro.eu/img/8162.jpg,Electromechanical Components,Mechanical Components,Multi-purpose hardware,Keystone,Bulk,Lead time,Yes,EAR99,12 Weeks,7.33E+11,Insulated steel half clamp,0.3809,,http://ken.keyeuro.eu/pdf/8162.pdf,8162,,100,100,US,
http://ken.keyeuro.eu/img/8163.jpg,Electromechanical Components,Mechanical Components,Multi-purpose hardware,Keystone,Bulk,Lead time,Yes,EAR99,12 Weeks,7.33E+11,Insulated steel half clamp,0.3983,,http://ken.keyeuro.eu/pdf/8163.pdf,8163,,100,100,US,
http://ken.keyeuro.eu/img/8164.jpg,Electromechanical Components,Mechanical Components,Multi-purpose hardware,Keystone,Bulk,Lead time,Yes,EAR99,12 Weeks,7.33E+11,Insulated steel half clamp,0.449,,http://ken.keyeuro.eu/pdf/8164.pdf,8164,,100,100,US,
http://ken.keyeuro.eu/img/8165.jpg,Electromechanical Components,Mechanical Components,Multi-purpose hardware,Keystone,Bulk,Lead time,Yes,EAR99,12 Weeks,7.33E+11,Insulated steel half clamp,0.3301,,http://ken.keyeuro.eu/pdf/8165.pdf,8165,,100,100,US,
http://ken.keyeuro.eu/img/8166.jpg,Electromechanical Components,Mechanical Components,Multi-purpose hardware,Keystone,Bulk,Lead time,Yes,EAR99,12 Weeks,7.33E+11,Insulated steel half clamp,0.3415,,http://ken.keyeuro.eu/pdf/8166.pdf,8166,,100,100,US,
http://ken.keyeuro.eu/img/8167.jpg,Electromechanical Components,Mechanical Components,Multi-purpose hardware,Keystone,Bulk,Lead time,Yes,EAR99,12 Weeks,7.33E+11,Insulated steel half clamp,0.3502,,http://ken.keyeuro.eu/pdf/8167.pdf,8167,,100,100,US,
http://ken.keyeuro.eu/img/8168.jpg,Electromechanical Components,Mechanical Components,Multi-purpose hardware,Keystone,Bulk,Lead time,Yes,EAR99,12 Weeks,7.33E+11,Insulated steel half clamp,0.3625,,http://ken.keyeuro.eu/pdf/8168.pdf,8168,,100,100,US,
http://ken.keyeuro.eu/img/8169.jpg,Electromechanical Components,Mechanical Components,Multi-purpose hardware,Keystone,Bulk,Lead time,Yes,EAR99,12 Weeks,7.33E+11,Insulated steel half clamp,0.3954,,http://ken.keyeuro.eu/pdf/8169.pdf,8169,,100,100,US,
http://ken.keyeuro.eu/img/8170.jpg,Electromechanical Components,Mechanical Components,Multi-purpose hardware,Keystone,Bulk,Lead time,Yes,EAR99,12 Weeks,7.33E+11,Insulated steel half clamp (rohs non-compliant),0.6255,,http://ken.keyeuro.eu/pdf/8170.pdf,8170,,100,100,US,
http://ken.keyeuro.eu/img/8171.jpg,Electromechanical Components,Mechanical Components,Multi-purpose hardware,Keystone,Bulk,Lead time,Yes,EAR99,12 Weeks,7.33E+11,Insulated steel half clamp,0.5168,,http://ken.keyeuro.eu/pdf/8171.pdf,8171,,100,100,US,
http://ken.keyeuro.eu/img/8172.jpg,Electromechanical Components,Mechanical Components,Multi-purpose hardware,Keystone,Bulk,Lead time,Yes,EAR99,12 Weeks,7.33E+11,Insulated steel half clamp,0.6085,,http://ken.keyeuro.eu/pdf/8172.pdf,8172,,100,100,US,
http://ken.keyeuro.eu/img/8173.jpg,Electromechanical Components,Mechanical Components,Multi-purpose hardware,Keystone,Bulk,Lead time,Yes,EAR99,12 Weeks,7.33E+11,Insulated steel half clamp,0.573,,http://ken.keyeuro.eu/pdf/8173.pdf,8173,,100,100,US,
http://ken.keyeuro.eu/img/8174.jpg,Electromechanical Components,Mechanical Components,Terminals & test points,Keystone,Bulk,Lead time,Yes,EAR99,12 Weeks,8.54E+11,Pc screw terminal,0.6446,,http://ken.keyeuro.eu/pdf/8174.pdf,8174,,100,100,US,
http://ken.keyeuro.eu/img/8183.jpg,Electromechanical Components,Mechanical Components,Terminals & test points,Keystone,Bulk,Lead time,Yes,EAR99,12 Weeks,8.54E+11,Screw terminal (screw is unassembled),0.1919,,http://ken.keyeuro.eu/pdf/8183.pdf,8183,,100,100,US,
http://ken.keyeuro.eu/img/8184.jpg,Electromechanical Components,Mechanical Components,Terminals & test points,Keystone,Bulk,Lead time,Yes,EAR99,12 Weeks,8.54E+11,Screw terminal (screw is unassembled),0.1919,,http://ken.keyeuro.eu/pdf/8184.pdf,8184,,100,100,US,
http://ken.keyeuro.eu/img/8185.jpg,Electromechanical Components,Mechanical Components,Terminals & test points,Keystone,Bulk,Lead time,Yes,EAR99,12 Weeks,8.54E+11,Screw terminal (screw is unassembled),0.1919,,http://ken.keyeuro.eu/pdf/8185.pdf,8185,,100,100,US,
http://ken.keyeuro.eu/img/8186.jpg,Electromechanical Components,Mechanical Components,Terminals & test points,Keystone,Bulk,Lead time,Yes,EAR99,12 Weeks,8.54E+11,Pc screw terminal,0.7496,,http://ken.keyeuro.eu/pdf/8186.pdf,8186,,100,100,US,
http://ken.keyeuro.eu/img/8189.jpg,Electromechanical Components,Mechanical Components,Terminals & test points,Keystone,Bulk,Lead time,Yes,EAR99,12 Weeks,8.54E+11,45° pc screw terminal w/unassembled screw,0.6367,,http://ken.keyeuro.eu/pdf/8189.pdf,8189,,100,100,US,
http://ken.keyeuro.eu/img/8190.jpg,Electromechanical Components,Mechanical Components,Terminals & test points,Keystone,Bulk,Lead time,Yes,EAR99,12 Weeks,8.54E+11,Pc screw terminal w/unassembled screw,0.2693,,http://ken.keyeuro.eu/pdf/8190.pdf,8190,,100,100,US,
,Electromechanical Components,Mechanical Components,Terminals & test points,Keystone,Bulk,Lead time,Yes,EAR99,12 Weeks,8.54E+11,Screw terminal,0.2485,,http://ken.keyeuro.eu/pdf/8191.pdf,8191,,100,100,US,
,Electromechanical Components,Mechanical Components,Terminals & test points,Keystone,Bulk,Lead time,Yes,EAR99,12 Weeks,8.54E+11,Low vertical pc screw terminal w/unassembled screw,0.2577,,http://ken.keyeuro.eu/pdf/8195.pdf,8195,,100,100,US,
http://ken.keyeuro.eu/img/8196.jpg,Electromechanical Components,Mechanical Components,Terminals & test points,Keystone,Bulk,Lead time,Yes,EAR99,12 Weeks,8.54E+11,Screw terminal,0.6351,,http://ken.keyeuro.eu/pdf/8196.pdf,8196,,100,100,US,
http://ken.keyeuro.eu/img/8197.jpg,Electromechanical Components,Mechanical Components,Terminals & test points,Keystone,Bulk,Lead time,Yes,EAR99,12 Weeks,8.54E+11,30 amp screw terminal/unassembled,0.3253,,http://ken.keyeuro.eu/pdf/8197.pdf,8197,,100,100,US,
http://ken.keyeuro.eu/img/8198.jpg,Electromechanical Components,Mechanical Components,Terminals & test points,Keystone,Bulk,Lead time,Yes,EAR99,12 Weeks,8.54E+11,Low vertical pc screw terminal w/unassembled screw,0.2552,,http://ken.keyeuro.eu/pdf/8198.pdf,8198,,100,100,US,
http://ken.keyeuro.eu/img/8199.jpg,Electromechanical Components,Mechanical Components,Terminals & test points,Keystone,Bulk,Lead time,Yes,EAR99,12 Weeks,8.54E+11,30 amp screw terminal,0.4564,,http://ken.keyeuro.eu/pdf/8199.pdf,8199,,100,100,US,
http://ken.keyeuro.eu/img/8200.jpg,Electromechanical Components,Mechanical Components,Terminals & test points,Keystone,Bulk,Lead time,Yes,EAR99,12 Weeks,8.54E+11,Ring tongue non-insulated terminal,0.1174,,http://ken.keyeuro.eu/pdf/8200.pdf,8200,,100,100,US,
http://ken.keyeuro.eu/img/8201.jpg,Electromechanical Components,Mechanical Components,Terminals & test points,Keystone,Bulk,Lead time,Yes,EAR99,12 Weeks,8.54E+11,Ring tongue non-insulated terminal,0.1174,,http://ken.keyeuro.eu/pdf/8201.pdf,8201,,100,100,US,
http://ken.keyeuro.eu/img/8202.jpg,Electromechanical Components,Mechanical Components,Terminals & test points,Keystone,Bulk,Lead time,Yes,EAR99,12 Weeks,8.54E+11,Ring tongue non-insulated terminal,0.1174,,http://ken.keyeuro.eu/pdf/8202.pdf,8202,,100,100,US,
http://ken.keyeuro.eu/img/8203.jpg,Electromechanical Components,Mechanical Components,Terminals & test points,Keystone,Bulk,Lead time,Yes,EAR99,12 Weeks,8.54E+11,Ring tongue non-insulated terminal,0.1174,,http://ken.keyeuro.eu/pdf/8203.pdf,8203,,100,100,US,
http://ken.keyeuro.eu/img/8204.jpg,Electromechanical Components,Mechanical Components,Terminals & test points,Keystone,Bulk,Lead time,Yes,EAR99,12 Weeks,8.54E+11,Ring tongue non-insulated terminal,0.1174,,http://ken.keyeuro.eu/pdf/8204.pdf,8204,,100,100,US,
http://ken.keyeuro.eu/img/8205.jpg,Electromechanical Components,Mechanical Components,Terminals & test points,Keystone,Bulk,Lead time,Yes,EAR99,12 Weeks,8.54E+11,Ring tongue non-insulated terminal,0.1174,,http://ken.keyeuro.eu/pdf/8205.pdf,8205,,100,100,US,
http://ken.keyeuro.eu/img/8206.jpg,Electromechanical Components,Mechanical Components,Terminals & test points,Keystone,Bulk,Lead time,Yes,EAR99,12 Weeks,8.54E+11,Ring tongue non-insulated terminal,0.1691,,http://ken.keyeuro.eu/pdf/8206.pdf,8206,,100,100,US,
http://ken.keyeuro.eu/img/8207.jpg,Electromechanical Components,Mechanical Components,Terminals & test points,Keystone,Bulk,Lead time,Yes,EAR99,12 Weeks,8.54E+11,Ring tongue non-insulated terminal,0.1691,,http://ken.keyeuro.eu/pdf/8207.pdf,8207,,100,100,US,
http://ken.keyeuro.eu/img/8208.jpg,Electromechanical Components,Mechanical Components,Terminals & test points,Keystone,Bulk,Lead time,Yes,EAR99,12 Weeks,8.54E+11,Ring tongue non-insulated terminal,0.1691,,http://ken.keyeuro.eu/pdf/8208.pdf,8208,,100,100,US,
http://ken.keyeuro.eu/img/8209.jpg,Electromechanical Components,Mechanical Components,Terminals & test points,Keystone,Bulk,Lead time,Yes,EAR99,12 Weeks,8.54E+11,Ring tongue insltd terminal,0.2512,,http://ken.keyeuro.eu/pdf/8209.pdf,8209,,100,100,US,
http://ken.keyeuro.eu/img/8210.jpg,Electromechanical Components,Mechanical Components,Terminals & test points,Keystone,Bulk,Lead time,Yes,EAR99,12 Weeks,8.54E+11,Ring tongue insltd terminal,0.2512,,http://ken.keyeuro.eu/pdf/8210.pdf,8210,,100,100,US,
http://ken.keyeuro.eu/img/8211.jpg,Electromechanical Components,Mechanical Components,Terminals & test points,Keystone,Bulk,Lead time,Yes,EAR99,12 Weeks,8.54E+11,Ring tongue insltd terminal,0.2512,,http://ken.keyeuro.eu/pdf/8211.pdf,8211,,100,100,US,
http://ken.keyeuro.eu/img/8212.jpg,Electromechanical Components,Mechanical Components,Terminals & test points,Keystone,Bulk,Lead time,Yes,EAR99,12 Weeks,8.54E+11,Ring tongue insltd terminal,0.2512,,http://ken.keyeuro.eu/pdf/8212.pdf,8212,,100,100,US,
http://ken.keyeuro.eu/img/8213.jpg,Electromechanical Components,Mechanical Components,Terminals & test points,Keystone,Bulk,Lead time,Yes,EAR99,12 Weeks,8.54E+11,Ring tongue insltd terminal,0.2512,,http://ken.keyeuro.eu/pdf/8213.pdf,8213,,100,100,US,
http://ken.keyeuro.eu/img/8214.jpg,Electromechanical Components,Mechanical Components,Terminals & test points,Keystone,Bulk,Lead time,Yes,EAR99,12 Weeks,8.54E+11,Ring tongue insltd terminal,0.2512,,http://ken.keyeuro.eu/pdf/8214.pdf,8214,,100,100,US,
http://ken.keyeuro.eu/img/8215.jpg,Electromechanical Components,Mechanical Components,Terminals & test points,Keystone,Bulk,Lead time,Yes,EAR99,12 Weeks,8.54E+11,Ring tongue insltd terminal,0.3118,,http://ken.keyeuro.eu/pdf/8215.pdf,8215,,100,100,US,
http://ken.keyeuro.eu/img/8216.jpg,Electromechanical Components,Mechanical Components,Terminals & test points,Keystone,Bulk,Lead time,Yes,EAR99,12 Weeks,8.54E+11,Ring tongue insltd terminal,0.3118,,http://ken.keyeuro.eu/pdf/8216.pdf,8216,,100,100,US,
http://ken.keyeuro.eu/img/8217.jpg,Electromechanical Components,Mechanical Components,Terminals & test points,Keystone,Bulk,Lead time,Yes,EAR99,12 Weeks,8.54E+11,Ring tongue insltd terminal,0.3118,,http://ken.keyeuro.eu/pdf/8217.pdf,8217,,100,100,US,
http://ken.keyeuro.eu/img/8218.jpg,Electromechanical Components,Mechanical Components,Terminals & test points,Keystone,Bulk,Lead time,Yes,EAR99,12 Weeks,8.54E+11,block spade non-insulated terminal,0.1162,,http://ken.keyeuro.eu/pdf/8218.pdf,8218,,100,500,US,
http://ken.keyeuro.eu/img/8219.jpg,Electromechanical Components,Mechanical Components,Terminals & test points,Keystone,Bulk,Lead time,Yes,EAR99,12 Weeks,8.54E+11,block spade non-insulated terminal,0.1162,,http://ken.keyeuro.eu/pdf/8219.pdf,8219,,100,500,US,
http://ken.keyeuro.eu/img/8220.jpg,Electromechanical Components,Mechanical Components,Terminals & test points,Keystone,Bulk,Lead time,Yes,EAR99,12 Weeks,8.54E+11,block spade non-insulated terminal,0.1162,,http://ken.keyeuro.eu/pdf/8220.pdf,8220,,100,500,US,
http://ken.keyeuro.eu/img/8221.jpg,Electromechanical Components,Mechanical Components,Terminals & test points,Keystone,Bulk,Lead time,Yes,EAR99,12 Weeks,8.54E+11,block spade non-insulated terminal,0.1162,,http://ken.keyeuro.eu/pdf/8221.pdf,8221,,100,500,US,
http://ken.keyeuro.eu/img/8222.jpg,Electromechanical Components,Mechanical Components,Terminals & test points,Keystone,Bulk,Lead time,Yes,EAR99,12 Weeks,8.54E+11,block spade non-insulated terminal,0.1162,,http://ken.keyeuro.eu/pdf/8222.pdf,8222,,100,500,US,
http://ken.keyeuro.eu/img/8223.jpg,Electromechanical Components,Mechanical Components,Terminals & test points,Keystone,Bulk,Lead time,Yes,EAR99,12 Weeks,8.54E+11,block spade non-insulated terminal,0.1162,,http://ken.keyeuro.eu/pdf/8223.pdf,8223,,100,500,US,
http://ken.keyeuro.eu/img/8224.jpg,Electromechanical Components,Mechanical Components,Terminals & test points,Keystone,Bulk,Lead time,Yes,EAR99,12 Weeks,8.54E+11,block spade non-insulated terminal,0.1674,,http://ken.keyeuro.eu/pdf/8224.pdf,8224,,100,500,TW,
http://ken.keyeuro.eu/img/8225.jpg,Electromechanical Components,Mechanical Components,Terminals & test points,Keystone,Bulk,Lead time,Yes,EAR99,12 Weeks,8.54E+11,block spade non-insulated terminal,0.1674,,http://ken.keyeuro.eu/pdf/8225.pdf,8225,,100,500,US,
http://ken.keyeuro.eu/img/8226.jpg,Electromechanical Components,Mechanical Components,Terminals & test points,Keystone,Bulk,Lead time,Yes,EAR99,12 Weeks,8.54E+11,block spade non-insulated terminal,0.1674,,http://ken.keyeuro.eu/pdf/8226.pdf,8226,,100,500,US,
http://ken.keyeuro.eu/img/8227.jpg,Electromechanical Components,Mechanical Components,Terminals & test points,Keystone,Bulk,Lead time,Yes,EAR99,12 Weeks,8.54E+11,Block spade insultd terminal,0.2488,,http://ken.keyeuro.eu/pdf/8227.pdf,8227,,100,500,US,
http://ken.keyeuro.eu/img/8228.jpg,Electromechanical Components,Mechanical Components,Terminals & test points,Keystone,Bulk,Lead time,Yes,EAR99,12 Weeks,8.54E+11,Block spade insultd terminal,0.2488,,http://ken.keyeuro.eu/pdf/8228.pdf,8228,,100,500,US,
http://ken.keyeuro.eu/img/8229.jpg,Electromechanical Components,Mechanical Components,Terminals & test points,Keystone,Bulk,Lead time,Yes,EAR99,12 Weeks,8.54E+11,Block spade insultd terminal,0.2488,,http://ken.keyeuro.eu/pdf/8229.pdf,8229,,100,500,US,
http://ken.keyeuro.eu/img/8230.jpg,Electromechanical Components,Mechanical Components,Terminals & test points,Keystone,Bulk,Lead time,Yes,EAR99,12 Weeks,8.54E+11,Block spade insultd terminal,0.2488,,http://ken.keyeuro.eu/pdf/8230.pdf,8230,,100,500,US,
http://ken.keyeuro.eu/img/8231.jpg,Electromechanical Components,Mechanical Components,Terminals & test points,Keystone,Bulk,Lead time,Yes,EAR99,12 Weeks,8.54E+11,Block spade insultd terminal,0.2488,,http://ken.keyeuro.eu/pdf/8231.pdf,8231,,100,500,US,
http://ken.keyeuro.eu/img/8232.jpg,Electromechanical Components,Mechanical Components,Terminals & test points,Keystone,Bulk,Lead time,Yes,EAR99,12 Weeks,8.54E+11,Block spade insultd terminal,0.2488,,http://ken.keyeuro.eu/pdf/8232.pdf,8232,,100,500,US,
http://ken.keyeuro.eu/img/8233.jpg,Electromechanical Components,Mechanical Components,Terminals & test points,Keystone,Bulk,Lead time,Yes,EAR99,12 Weeks,8.54E+11,Block spade insultd terminal,0.3089,,http://ken.keyeuro.eu/pdf/8233.pdf,8233,,100,500,US,
http://ken.keyeuro.eu/img/8234.jpg,Electromechanical Components,Mechanical Components,Terminals & test points,Keystone,Bulk,Lead time,Yes,EAR99,12 Weeks,8.54E+11,Block spade insultd terminal,0.3089,,http://ken.keyeuro.eu/pdf/8234.pdf,8234,,100,500,US,
http://ken.keyeuro.eu/img/8236.jpg,Electromechanical Components,Mechanical Components,Terminals & test points,Keystone,Bulk,Lead time,Yes,EAR99,12 Weeks,8.54E+11,Flanged block spade non-insulated terminal,0.1247,,http://ken.keyeuro.eu/pdf/8236.pdf,8236,,100,500,US,
http://ken.keyeuro.eu/img/8237.jpg,Electromechanical Components,Mechanical Components,Terminals & test points,Keystone,Bulk,Lead time,Yes,EAR99,12 Weeks,8.54E+11,Flanged block spade non-insulated terminal,0.1158,,http://ken.keyeuro.eu/pdf/8237.pdf,8237,,100,500,US,
http://ken.keyeuro.eu/img/8238.jpg,Electromechanical Components,Mechanical Components,Terminals & test points,Keystone,Bulk,Lead time,Yes,EAR99,12 Weeks,8.54E+11,Flanged block spade non-insulated terminal,0.1158,,http://ken.keyeuro.eu/pdf/8238.pdf,8238,,100,500,US,
http://ken.keyeuro.eu/img/8239.jpg,Electromechanical Components,Mechanical Components,Terminals & test points,Keystone,Bulk,Lead time,Yes,EAR99,12 Weeks,8.54E+11,Flanged block spade non-insulated terminal,0.1158,,http://ken.keyeuro.eu/pdf/8239.pdf,8239,,100,500,US,
http://ken.keyeuro.eu/img/8240.jpg,Electromechanical Components,Mechanical Components,Terminals & test points,Keystone,Bulk,Lead time,Yes,EAR99,12 Weeks,8.54E+11,Flanged block spade non-insulated terminal,0.1158,,http://ken.keyeuro.eu/pdf/8240.pdf,8240,,100,500,US,
http://ken.keyeuro.eu/img/8241.jpg,Electromechanical Components,Mechanical Components,Terminals & test points,Keystone,Bulk,Lead time,Yes,EAR99,12 Weeks,8.54E+11,Flanged block spade non-insulated terminal,0.1158,,http://ken.keyeuro.eu/pdf/8241.pdf,8241,,100,500,US,
http://ken.keyeuro.eu/img/8242.jpg,Electromechanical Components,Mechanical Components,Terminals & test points,Keystone,Bulk,Lead time,Yes,EAR99,12 Weeks,8.54E+11,Flanged block spade non-insulated terminal,0.1645,,http://ken.keyeuro.eu/pdf/8242.pdf,8242,,100,500,TW,
http://ken.keyeuro.eu/img/8244.jpg,Electromechanical Components,Mechanical Components,Terminals & test points,Keystone,Bulk,Lead time,Yes,EAR99,12 Weeks,8.54E+11,Flanged block spade non-insulated terminal,0.1645,,http://ken.keyeuro.eu/pdf/8244.pdf,8244,,100,500,US,
http://ken.keyeuro.eu/img/8245.jpg,Electromechanical Components,Mechanical Components,Terminals & test points,Keystone,Bulk,Lead time,Yes,EAR99,12 Weeks,8.54E+11,Flanged block spade insltd,0.2585,,http://ken.keyeuro.eu/pdf/8245.pdf,8245,,100,500,US,
http://ken.keyeuro.eu/img/8246.jpg,Electromechanical Components,Mechanical Components,Terminals & test points,Keystone,Bulk,Lead time,Yes,EAR99,12 Weeks,8.54E+11,Flanged block spade insltd,0.2585,,http://ken.keyeuro.eu/pdf/8246.pdf,8246,,100,500,US,
http://ken.keyeuro.eu/img/8247.jpg,Electromechanical Components,Mechanical Components,Terminals & test points,Keystone,Bulk,Lead time,Yes,EAR99,12 Weeks,8.54E+11,Flanged block spade insltd,0.2585,,http://ken.keyeuro.eu/pdf/8247.pdf,8247,,100,500,US,
http://ken.keyeuro.eu/img/8248.jpg,Electromechanical Components,Mechanical Components,Terminals & test points,Keystone,Bulk,Lead time,Yes,EAR99,12 Weeks,8.54E+11,Flanged block spade insltd,0.2585,,http://ken.keyeuro.eu/pdf/8248.pdf,8248,,100,500,US,
http://ken.keyeuro.eu/img/8249.jpg,Electromechanical Components,Mechanical Components,Terminals & test points,Keystone,Bulk,Lead time,Yes,EAR99,12 Weeks,8.54E+11,Flanged block spade insltd,0.2585,,http://ken.keyeuro.eu/pdf/8249.pdf,8249,,100,500,US,
http://ken.keyeuro.eu/img/8250.jpg,Electromechanical Components,Mechanical Components,Terminals & test points,Keystone,Bulk,Lead time,Yes,EAR99,12 Weeks,8.54E+11,Flanged block spade insltd,0.2585,,http://ken.keyeuro.eu/pdf/8250.pdf,8250,,100,500,US,
http://ken.keyeuro.eu/img/8251.jpg,Electromechanical Components,Mechanical Components,Terminals & test points,Keystone,Bulk,Lead time,Yes,EAR99,12 Weeks,8.54E+11,Flanged block spade insltd,0.3153,,http://ken.keyeuro.eu/pdf/8251.pdf,8251,,100,500,US,
http://ken.keyeuro.eu/img/8252.jpg,Electromechanical Components,Mechanical Components,Terminals & test points,Keystone,Bulk,Lead time,Yes,EAR99,12 Weeks,8.54E+11,flanged block spade insulated terminal,0.3153,,http://ken.keyeuro.eu/pdf/8252.pdf,8252,,100,500,TW,
http://ken.keyeuro.eu/img/8253.jpg,Electromechanical Components,Mechanical Components,Terminals & test points,Keystone,Bulk,Lead time,Yes,EAR99,12 Weeks,8.54E+11,Flanged block spade insltd,0.3153,,http://ken.keyeuro.eu/pdf/8253.pdf,8253,,100,500,US,
http://ken.keyeuro.eu/img/8254.jpg,Electromechanical Components,Mechanical Components,Terminals & test points,Keystone,Bulk,Lead time,Yes,EAR99,12 Weeks,8.54E+11,Snap spade non-insulated terminal,0.1276,,http://ken.keyeuro.eu/pdf/8254.pdf,8254,,100,500,US,
http://ken.keyeuro.eu/img/8255.jpg,Electromechanical Components,Mechanical Components,Terminals & test points,Keystone,Bulk,Lead time,Yes,EAR99,12 Weeks,8.54E+11,Snap spade non-insulated terminal,0.1276,,http://ken.keyeuro.eu/pdf/8255.pdf,8255,,100,500,US,
http://ken.keyeuro.eu/img/8256.jpg,Electromechanical Components,Mechanical Components,Terminals & test points,Keystone,Bulk,Lead time,Yes,EAR99,12 Weeks,8.54E+11,Snap spade non-insulated terminal,0.1276,,http://ken.keyeuro.eu/pdf/8256.pdf,8256,,100,500,US,
http://ken.keyeuro.eu/img/8257.jpg,Electromechanical Components,Mechanical Components,Terminals & test points,Keystone,Bulk,Lead time,Yes,EAR99,12 Weeks,8.54E+11,Snap spade non-insulated terminal,0.1276,,http://ken.keyeuro.eu/pdf/8257.pdf,8257,,100,500,US,
http://ken.keyeuro.eu/img/8258.jpg,Electromechanical Components,Mechanical Components,Terminals & test points,Keystone,Bulk,Lead time,Yes,EAR99,12 Weeks,8.54E+11,Snap spade non-insulated terminal,0.1276,,http://ken.keyeuro.eu/pdf/8258.pdf,8258,,100,500,US,
http://ken.keyeuro.eu/img/8259.jpg,Electromechanical Components,Mechanical Components,Terminals & test points,Keystone,Bulk,Lead time,Yes,EAR99,12 Weeks,8.54E+11,Snap spade non-insulated terminal,0.1276,,http://ken.keyeuro.eu/pdf/8259.pdf,8259,,100,500,US,
http://ken.keyeuro.eu/img/8261.jpg,Electromechanical Components,Mechanical Components,Terminals & test points,Keystone,Bulk,Lead time,Yes,EAR99,12 Weeks,8.54E+11,Snap spade non-insulated terminal,0.1851,,http://ken.keyeuro.eu/pdf/8261.pdf,8261,,100,500,US,
http://ken.keyeuro.eu/img/8262.jpg,Electromechanical Components,Mechanical Components,Terminals & test points,Keystone,Bulk,Lead time,Yes,EAR99,12 Weeks,8.54E+11,Snap spade non-insulated terminal,0.1851,,http://ken.keyeuro.eu/pdf/8262.pdf,8262,,100,500,US,
http://ken.keyeuro.eu/img/8263.jpg,Electromechanical Components,Mechanical Components,Terminals & test points,Keystone,Bulk,Lead time,Yes,EAR99,12 Weeks,8.54E+11,Snap spade insltd terminal,0.2691,,http://ken.keyeuro.eu/pdf/8263.pdf,8263,,100,500,US,
http://ken.keyeuro.eu/img/8264.jpg,Electromechanical Components,Mechanical Components,Terminals & test points,Keystone,Bulk,Lead time,Yes,EAR99,12 Weeks,8.54E+11,Snap spade insltd terminal,0.2691,,http://ken.keyeuro.eu/pdf/8264.pdf,8264,,100,500,US,
http://ken.keyeuro.eu/img/8265.jpg,Electromechanical Components,Mechanical Components,Terminals & test points,Keystone,Bulk,Lead time,Yes,EAR99,12 Weeks,8.54E+11,Snap spade insltd terminal,0.2691,,http://ken.keyeuro.eu/pdf/8265.pdf,8265,,100,500,US,
http://ken.keyeuro.eu/img/8266.jpg,Electromechanical Components,Mechanical Components,Terminals & test points,Keystone,Bulk,Lead time,Yes,EAR99,12 Weeks,8.54E+11,Snap spade insltd terminal,0.2691,,http://ken.keyeuro.eu/pdf/8266.pdf,8266,,100,500,US,
http://ken.keyeuro.eu/img/8267.jpg,Electromechanical Components,Mechanical Components,Terminals & test points,Keystone,Bulk,Lead time,Yes,EAR99,12 Weeks,8.54E+11,Snap spade insltd terminal,0.2691,,http://ken.keyeuro.eu/pdf/8267.pdf,8267,,100,500,US,
http://ken.keyeuro.eu/img/8268.jpg,Electromechanical Components,Mechanical Components,Terminals & test points,Keystone,Bulk,Lead time,Yes,EAR99,12 Weeks,8.54E+11,Snap spade insltd terminal,0.2691,,http://ken.keyeuro.eu/pdf/8268.pdf,8268,,100,500,US,
http://ken.keyeuro.eu/img/8269.jpg,Electromechanical Components,Mechanical Components,Terminals & test points,Keystone,Bulk,Lead time,Yes,EAR99,12 Weeks,8.54E+11,Snap spade insltd terminal,0.3936,,http://ken.keyeuro.eu/pdf/8269.pdf,8269,,100,500,US,
http://ken.keyeuro.eu/img/8270.jpg,Electromechanical Components,Mechanical Components,Terminals & test points,Keystone,Bulk,Lead time,Yes,EAR99,12 Weeks,8.54E+11,Snap spade insltd terminal,0.3936,,http://ken.keyeuro.eu/pdf/8270.pdf,8270,,100,500,US,
http://ken.keyeuro.eu/img/8271.jpg,Electromechanical Components,Mechanical Components,Terminals & test points,Keystone,Bulk,Lead time,Yes,EAR99,12 Weeks,8.54E+11,Snap spade insltd terminal,0.3936,,http://ken.keyeuro.eu/pdf/8271.pdf,8271,,100,500,US,
http://ken.keyeuro.eu/img/8272.jpg,Electromechanical Components,Mechanical Components,Terminals & test points,Keystone,Bulk,Lead time,Yes,EAR99,12 Weeks,8.54E+11,Crimp lug,0.134,,http://ken.keyeuro.eu/pdf/8272.pdf,8272,,100,100,US,
http://ken.keyeuro.eu/img/8273.jpg,Electromechanical Components,Mechanical Components,Terminals & test points,Keystone,Bulk,Lead time,Yes,EAR99,12 Weeks,8.54E+11,Crimp lug,0.134,,http://ken.keyeuro.eu/pdf/8273.pdf,8273,,100,100,US,
http://ken.keyeuro.eu/img/8274.jpg,Electromechanical Components,Mechanical Components,Terminals & test points,Keystone,Bulk,Lead time,Yes,EAR99,12 Weeks,8.54E+11,Crimp lug,0.134,,http://ken.keyeuro.eu/pdf/8274.pdf,8274,,100,100,US,
http://ken.keyeuro.eu/img/8275.jpg,Electromechanical Components,Mechanical Components,Terminals & test points,Keystone,Bulk,Lead time,Yes,EAR99,12 Weeks,8.54E+11,Crimp lug,0.134,,http://ken.keyeuro.eu/pdf/8275.pdf,8275,,100,100,US,
http://ken.keyeuro.eu/img/8276.jpg,Electromechanical Components,Mechanical Components,Terminals & test points,Keystone,Bulk,Lead time,Yes,EAR99,12 Weeks,8.54E+11,Crimp lug,0.2656,,http://ken.keyeuro.eu/pdf/8276.pdf,8276,,100,100,US,
http://ken.keyeuro.eu/img/8277.jpg,Electromechanical Components,Mechanical Components,Terminals & test points,Keystone,Bulk,Lead time,Yes,EAR99,12 Weeks,8.54E+11,Crimp lug,0.2656,,http://ken.keyeuro.eu/pdf/8277.pdf,8277,,100,100,US,
http://ken.keyeuro.eu/img/8278.jpg,Electromechanical Components,Mechanical Components,Terminals & test points,Keystone,Bulk,Lead time,Yes,EAR99,12 Weeks,8.54E+11,Crimp lug,0.2662,,http://ken.keyeuro.eu/pdf/8278.pdf,8278,,100,100,US,
http://ken.keyeuro.eu/img/8279.jpg,Electromechanical Components,Mechanical Components,Terminals & test points,Keystone,Bulk,Lead time,Yes,EAR99,12 Weeks,8.54E+11,Crimp lug,0.2656,,http://ken.keyeuro.eu/pdf/8279.pdf,8279,,100,100,US,
http://ken.keyeuro.eu/img/8280.jpg,Electromechanical Components,Mechanical Components,Terminals & test points,Keystone,Bulk,Lead time,Yes,EAR99,12 Weeks,8.54E+11,Crimp lug,0.2965,,http://ken.keyeuro.eu/pdf/8280.pdf,8280,,100,100,US,
http://ken.keyeuro.eu/img/8281.jpg,Electromechanical Components,Mechanical Components,Terminals & test points,Keystone,Bulk,Lead time,Yes,EAR99,12 Weeks,8.54E+11,Quick-fit non-insulated male terminal,0.1226,,http://ken.keyeuro.eu/pdf/8281.pdf,8281,,100,100,US,
http://ken.keyeuro.eu/img/8282.jpg,Electromechanical Components,Mechanical Components,Terminals & test points,Keystone,Bulk,Lead time,Yes,EAR99,12 Weeks,8.54E+11,Quick-fit non-insulated male terminal,0.1226,,http://ken.keyeuro.eu/pdf/8282.pdf,8282,,100,100,US,
http://ken.keyeuro.eu/img/8283.jpg,Electromechanical Components,Mechanical Components,Terminals & test points,Keystone,Bulk,Lead time,Yes,EAR99,12 Weeks,8.54E+11,Quick-fit non-insulated male terminal,0.1226,,http://ken.keyeuro.eu/pdf/8283.pdf,8283,,100,100,US,
http://ken.keyeuro.eu/img/8284.jpg,Electromechanical Components,Mechanical Components,Terminals & test points,Keystone,Bulk,Lead time,Yes,EAR99,12 Weeks,8.54E+11,Quick-fit non-insulated male terminal,0.1226,,http://ken.keyeuro.eu/pdf/8284.pdf,8284,,100,100,US,
http://ken.keyeuro.eu/img/8285.jpg,Electromechanical Components,Mechanical Components,Terminals & test points,Keystone,Bulk,Lead time,Yes,EAR99,12 Weeks,8.54E+11,Quick-fit non-insulated male terminal,0.1539,,http://ken.keyeuro.eu/pdf/8285.pdf,8285,,100,100,US,
http://ken.keyeuro.eu/img/8286.jpg,Electromechanical Components,Mechanical Components,Terminals & test points,Keystone,Bulk,Lead time,Yes,EAR99,12 Weeks,8.54E+11,Crimp lug,0.2606,,http://ken.keyeuro.eu/pdf/8286.pdf,8286,,100,100,US,
http://ken.keyeuro.eu/img/8287.jpg,Electromechanical Components,Mechanical Components,Terminals & test points,Keystone,Bulk,Lead time,Yes,EAR99,12 Weeks,8.54E+11,Crimp lug,0.2606,,http://ken.keyeuro.eu/pdf/8287.pdf,8287,,100,100,US,
http://ken.keyeuro.eu/img/8288.jpg,Electromechanical Components,Mechanical Components,Terminals & test points,Keystone,Bulk,Lead time,Yes,EAR99,12 Weeks,8.54E+11,Crimp lug,0.2606,,http://ken.keyeuro.eu/pdf/8288.pdf,8288,,100,100,US,
http://ken.keyeuro.eu/img/8289.jpg,Electromechanical Components,Mechanical Components,Terminals & test points,Keystone,Bulk,Lead time,Yes,EAR99,12 Weeks,8.54E+11,Crimp lug,0.2606,,http://ken.keyeuro.eu/pdf/8289.pdf,8289,,100,100,US,
http://ken.keyeuro.eu/img/8290.jpg,Electromechanical Components,Mechanical Components,Terminals & test points,Keystone,Bulk,Lead time,Yes,EAR99,12 Weeks,8.54E+11,Crimp lug,0.3062,,http://ken.keyeuro.eu/pdf/8290.pdf,8290,,100,100,US,
http://ken.keyeuro.eu/img/8291.jpg,Electromechanical Components,Mechanical Components,Terminals & test points,Keystone,Bulk,Lead time,Yes,EAR99,12 Weeks,8.54E+11,Quick fit terminal fully insulated nylon,0.3909,,http://ken.keyeuro.eu/pdf/8291.pdf,8291,,100,100,US,
http://ken.keyeuro.eu/img/8292.jpg,Electromechanical Components,Mechanical Components,Terminals & test points,Keystone,Bulk,Lead time,Yes,EAR99,12 Weeks,8.54E+11,Quick fit terminal fully insulated nylon,0.3766,,http://ken.keyeuro.eu/pdf/8292.pdf,8292,,100,100,US,
http://ken.keyeuro.eu/img/8293.jpg,Electromechanical Components,Mechanical Components,Terminals & test points,Keystone,Bulk,Lead time,Yes,EAR99,12 Weeks,8.54E+11,Quick fit terminal fully insulated nylon,0.3909,,http://ken.keyeuro.eu/pdf/8293.pdf,8293,,100,100,US,
http://ken.keyeuro.eu/img/8294.jpg,Electromechanical Components,Mechanical Components,Terminals & test points,Keystone,Bulk,Lead time,Yes,EAR99,12 Weeks,8.54E+11,Quick fit terminal fully insulated nylon,0.3766,,http://ken.keyeuro.eu/pdf/8294.pdf,8294,,100,100,US,
http://ken.keyeuro.eu/img/8295.jpg,Electromechanical Components,Mechanical Components,Terminals & test points,Keystone,Bulk,Lead time,Yes,EAR99,12 Weeks,8.54E+11,Quick fit terminal fully insulated nylon,0.5174,,http://ken.keyeuro.eu/pdf/8295.pdf,8295,,100,100,US,
http://ken.keyeuro.eu/img/8296.jpg,Electromechanical Components,Mechanical Components,Terminals & test points,Keystone,Bulk,Lead time,Yes,EAR99,12 Weeks,8.54E+11,Quick fit terminal fully insulated nylon,0.4114,,http://ken.keyeuro.eu/pdf/8296.pdf,8296,,100,100,US,
http://ken.keyeuro.eu/img/8297.jpg,Electromechanical Components,Mechanical Components,Terminals & test points,Keystone,Bulk,Lead time,Yes,EAR99,12 Weeks,8.54E+11,Quick fit terminal fully insulated nylon,0.3958,,http://ken.keyeuro.eu/pdf/8297.pdf,8297,,100,100,US,
http://ken.keyeuro.eu/img/8298.jpg,Electromechanical Components,Mechanical Components,Terminals & test points,Keystone,Bulk,Lead time,Yes,EAR99,12 Weeks,8.54E+11,Quick fit terminal fully insulated nylon,0.4114,,http://ken.keyeuro.eu/pdf/8298.pdf,8298,,100,100,US,
http://ken.keyeuro.eu/img/8299.jpg,Electromechanical Components,Mechanical Components,Terminals & test points,Keystone,Bulk,Lead time,Yes,EAR99,12 Weeks,8.54E+11,Quick fit terminal fully insulated nylon,0.3958,,http://ken.keyeuro.eu/pdf/8299.pdf,8299,,100,100,US,
http://ken.keyeuro.eu/img/8300.jpg,Electromechanical Components,Mechanical Components,Panel hardware,Keystone,Bulk,Lead time,Yes,EAR99,12 Weeks,8.54E+11,Quick fit terminal fully insulated nylon,0.6761,,http://ken.keyeuro.eu/pdf/8300.pdf,8300,,100,100,US,
http://ken.keyeuro.eu/img/8309.jpg,Electromechanical Components,Mechanical Components,Panel hardware,Keystone,Bulk,Lead time,Yes,EAR99,12 Weeks,8.55E+11,Led holder (snap-in),0.2334,,http://ken.keyeuro.eu/pdf/8309.pdf,8309,,100,100,CN,
http://ken.keyeuro.eu/img/8310.jpg,Electromechanical Components,Mechanical Components,Panel hardware,Keystone,Bulk,Lead time,Yes,EAR99,12 Weeks,8.55E+11,Led holder (snap-in),0.2334,,http://ken.keyeuro.eu/pdf/8310.pdf,8310,,100,100,US,
http://ken.keyeuro.eu/img/8311.jpg,Electromechanical Components,Mechanical Components,Panel hardware,Keystone,Bulk,Lead time,Yes,EAR99,12 Weeks,8.55E+11,Led spacer,0.1021,,http://ken.keyeuro.eu/pdf/8311.pdf,8311,,100,500,US,
http://ken.keyeuro.eu/img/8312.jpg,Electromechanical Components,Mechanical Components,Panel hardware,Keystone,Bulk,Lead time,Yes,EAR99,12 Weeks,8.55E+11,Led spacer,0.1014,,http://ken.keyeuro.eu/pdf/8312.pdf,8312,,100,500,US,
http://ken.keyeuro.eu/img/8313.jpg,Electromechanical Components,Mechanical Components,Panel hardware,Keystone,Bulk,Lead time,Yes,EAR99,12 Weeks,8.55E+11,Led spacer,0.1014,,http://ken.keyeuro.eu/pdf/8313.pdf,8313,,100,500,US,
http://ken.keyeuro.eu/img/8314.jpg,Electromechanical Components,Mechanical Components,Panel hardware,Keystone,Bulk,Lead time,Yes,EAR99,12 Weeks,8.55E+11,Led spacer,0.1014,,http://ken.keyeuro.eu/pdf/8314.pdf,8314,,100,500,US,
http://ken.keyeuro.eu/img/8315.jpg,Electromechanical Components,Mechanical Components,Panel hardware,Keystone,Bulk,Lead time,Yes,EAR99,12 Weeks,8.55E+11,Led spacer,0.1014,,http://ken.keyeuro.eu/pdf/8315.pdf,8315,,100,500,US,
http://ken.keyeuro.eu/img/8316.jpg,Electromechanical Components,Mechanical Components,Panel hardware,Keystone,Bulk,Lead time,Yes,EAR99,12 Weeks,8.55E+11,Led spacer,0.1014,,http://ken.keyeuro.eu/pdf/8316.pdf,8316,,100,500,US,
http://ken.keyeuro.eu/img/8317.jpg,Electromechanical Components,Mechanical Components,Panel hardware,Keystone,Bulk,Lead time,Yes,EAR99,12 Weeks,8.55E+11,Led spacer,0.1021,,http://ken.keyeuro.eu/pdf/8317.pdf,8317,,100,500,US,
http://ken.keyeuro.eu/img/8318.jpg,Electromechanical Components,Mechanical Components,Panel hardware,Keystone,Bulk,Lead time,Yes,EAR99,12 Weeks,8.55E+11,Led spacer,0.1014,,http://ken.keyeuro.eu/pdf/8318.pdf,8318,,100,500,US,
http://ken.keyeuro.eu/img/8319.jpg,Electromechanical Components,Mechanical Components,Panel hardware,Keystone,Bulk,Lead time,Yes,EAR99,12 Weeks,8.55E+11,Led spacer,0.1014,,http://ken.keyeuro.eu/pdf/8319.pdf,8319,,100,500,US,
http://ken.keyeuro.eu/img/8320.jpg,Electromechanical Components,Mechanical Components,Panel hardware,Keystone,Bulk,Lead time,Yes,EAR99,12 Weeks,8.55E+11,Led spacer,0.1014,,http://ken.keyeuro.eu/pdf/8320.pdf,8320,,100,500,US,
http://ken.keyeuro.eu/img/8321.jpg,Electromechanical Components,Mechanical Components,Panel hardware,Keystone,Bulk,Lead time,Yes,EAR99,12 Weeks,8.55E+11,Led spacer,0.1104,,http://ken.keyeuro.eu/pdf/8321.pdf,8321,,100,100,US,
http://ken.keyeuro.eu/img/8322.jpg,Electromechanical Components,Mechanical Components,Panel hardware,Keystone,Bulk,Lead time,Yes,EAR99,12 Weeks,8.55E+11,Led spacer,0.1104,,http://ken.keyeuro.eu/pdf/8322.pdf,8322,,100,100,US,
http://ken.keyeuro.eu/img/8323.jpg,Electromechanical Components,Mechanical Components,Panel hardware,Keystone,Bulk,Lead time,Yes,EAR99,12 Weeks,8.55E+11,Led spacer,0.1104,,http://ken.keyeuro.eu/pdf/8323.pdf,8323,,100,100,US,
http://ken.keyeuro.eu/img/8324.jpg,Electromechanical Components,Mechanical Components,Panel hardware,Keystone,Bulk,Lead time,Yes,EAR99,12 Weeks,8.55E+11,Led spacer,0.1104,,http://ken.keyeuro.eu/pdf/8324.pdf,8324,,100,100,US,
http://ken.keyeuro.eu/img/8325.jpg,Electromechanical Components,Mechanical Components,Panel hardware,Keystone,Bulk,Lead time,Yes,EAR99,12 Weeks,8.55E+11,Led spacer,0.1104,,http://ken.keyeuro.eu/pdf/8325.pdf,8325,,100,100,US,
http://ken.keyeuro.eu/img/8326.jpg,Electromechanical Components,Mechanical Components,Panel hardware,Keystone,Bulk,Lead time,Yes,EAR99,12 Weeks,8.55E+11,Led spacer,0.1104,,http://ken.keyeuro.eu/pdf/8326.pdf,8326,,100,100,US,
http://ken.keyeuro.eu/img/8327.jpg,Electromechanical Components,Mechanical Components,Panel hardware,Keystone,Bulk,Lead time,Yes,EAR99,12 Weeks,8.55E+11,Led spacer,0.1104,,http://ken.keyeuro.eu/pdf/8327.pdf,8327,,100,100,US,
